{"cameraMode":{"drawMode":0,"name":"Shaded","section":"Shading Mode"},"sceneLighting":true,"audioPlay":false,"sceneViewState":{"m_AlwaysRefresh":false,"showFog":true,"showSkybox":true,"showFlares":true,"showImageEffects":true,"showParticleSystems":true,"showVisualEffectGraphs":true,"m_FxEnabled":true},"in2DMode":false,"pivot":{"x":-163.40432739257813,"y":11.382280349731446,"z":221.02427673339845},"rotation":{"x":-0.0002794399333652109,"y":0.31354832649230959,"z":-0.00014130715862847865,"w":-0.9496166706085205},"size":141.0722198486328,"orthographic":false}